Stratum ,Index Number ,Name,Department,Women,CurrentGrant,YearsSincePhd,GlassesOrNot,FPC_var,Weights ,Notes
ArtHum,5,Dore Bowen,"Art, Arthistory, vs",1,0,22,0,450,9.183673469,
ArtHum,14,Sara Galletti,"Art, Arthistory, vs",1,0,22,0,450,9.183673469,
ArtHum,20,Shambhavi,"Art, Arthistory, vs",1,1,999,0,450,9.183673469,Nothing abt education on page
ArtHum,34,Mira Xenia Schwerda,"Art, Arthistory, vs",1,0,6,0,450,9.183673469,
ArtHum,37,Kristine Stiles,"Art, Arthistory, vs",1,0,39,0,450,9.183673469,
ArtHum,45,Badr Abdelfatta Badr,Asian & Middle Eastern Studies,0,0,12,1,450,9.183673469,
ArtHum,54,Eileen Chengyin Chow,Asian & Middle Eastern Studies,1,0,26,0,450,9.183673469,
ArtHum,57,Shai Ginsburg,Asian & Middle Eastern Studies,0,0,25,1,450,9.183673469,
ArtHum,79,Timsal Masud,Asian & Middle Eastern Studies,0,0,18,1,450,9.183673469,
ArtHum,80,Ellen McLarney,Asian & Middle Eastern Studies,1,0,22,0,450,9.183673469,
ArtHum,87,Yuan Yao,Asian & Middle Eastern Studies,1,0,999,1,450,9.183673469,Nothing about education on page and cant find anything online
ArtHum,99,Micaela W. Janan,Classical Studies ,1,0,38,999,450,9.183673469,No photos
ArtHum,108,Jennifer Clare Woods,Classical Studies ,1,0,29,0,450,9.183673469,
ArtHum,115,Keval Kaur Khalsa,Dance,1,0,45,0,450,9.183673469,
ArtHum,119,Purnima Shah,Dance,1,0,26,0,450,9.183673469,
ArtHum,127,Nina Wheeler,Dance,1,0,999,0,450,9.183673469,no phd
ArtHum,151,Douglas A Jones Jr.,English,0,0,15,0,450,9.183673469,
ArtHum,172,Corina M Stan,English,1,0,16,1,450,9.183673469,
ArtHum,183,Christa T. Johns,German Studies,1,0,61,1,450,9.183673469,
ArtHum,192,James L. Rolleston,German Studies,0,0,58,0,450,9.183673469,
ArtHum,210,Negar Mottahedeh,Literature ,1,0,28,0,450,9.183673469,
ArtHum,232,Susan Fancher,Music,1,0,24,0,450,9.183673469,
ArtHum,239,Jimmy Gilmore,Music,0,0,999,0,450,9.183673469,No phd
ArtHum,243,Stephen Jaffe,Music,0,0,999,1,450,9.183673469,No phd
ArtHum,246,Michael Kris,Music,0,0,999,1,450,9.183673469,No phd
ArtHum,249,Scott A. Lindroth,Music,0,0,35,1,450,9.183673469,
ArtHum,253,Louise Meintjes,Music,1,0,29,0,450,9.183673469,
ArtHum,266,Mary Kay Robinson,Music,1,0,999,1,450,9.183673469,no phd
ArtHum,269,Daniel Seyfried,Music,0,0,9,0,450,9.183673469,
ArtHum,270,Alexander Silbiger,Music,0,0,50,1,450,9.183673469,
ArtHum,285,Felipe De Brigard,Philosophy,0,0,15,0,450,9.183673469,
ArtHum,286,Benjamin Edgar Eva,Philosophy,0,0,11,0,450,9.183673469,
ArtHum,291,Andrew Janiak,Philosophy,0,1,25,0,450,9.183673469,
ArtHum,306,Larissa Soares Carneiro,Religious Studies,1,0,10,0,450,9.183673469,
ArtHum,309,Mark S. Goodacre,Religious Studies,0,0,32,1,450,9.183673469,
ArtHum,312,Richard Jaffe,Religious Studies,0,0,31,1,450,9.183673469,
ArtHum,323,Raffaella Taylor-Seymour,Religious Studies,1,0,4,1,450,9.183673469,
ArtHum,339,Martin Eisner,Romance Studies,0,0,21,1,450,9.183673469,
ArtHum,345,Valeria Finucci,Romance Studies,1,0,43,0,450,9.183673469,
ArtHum,346,Laura Florand,Romance Studies,1,0,999,0,450,9.183673469,no phd
ArtHum,350,Margaret Rich Greer,Romance Studies,1,0,43,1,450,9.183673469,
ArtHum,357,Paol Keineg,Romance Studies,0,0,45,0,450,9.183673469,
ArtHum,371,Tania Rispoli,Romance Studies,1,0,2,0,450,9.183673469,
ArtHum,379,Stephanie Sieburth,Romance Studies,1,0,42,1,450,9.183673469,
ArtHum,398,Daria Smirnova,Slavic & Eurasian,1,0,2,1,450,9.183673469,
ArtHum,400,Joanne Van Tuyl,Slavic & Eurasian,1,0,40,1,450,9.183673469,
ArtHum,402,Neal C. Bell,Theater Studies,1,0,52,1,450,9.183673469,
ArtHum,413,Johann R. Montozzi-Wood,Theater Studies,0,0,999,1,450,9.183673469,no phd
ArtHum,443,Lindsey Warwick Smith,Writings & Rhetoric,1,0,15,0,450,9.183673469,
NatSci,1,Susan Albert,Biology,1,1,34,0,421,9.152173913,
NatSci,17,Kinsey Fisher ,Biology,1,0,0,0,421,9.152173913,
NatSci,19,Ron Grunwald,Biology,0,0,30,0,421,9.152173913,
NatSci,35,Andrea Marie Marritt Pabalate,Biology,1,0,21,0,421,9.152173913,
NatSci,45,Mohamed A. F. Noor,Biology,0,1,30,0,421,9.152173913,
NatSci,47,Masayuki Onishi,Biology,0,1,20,0,421,9.152173913,
NatSci,52,Sheila N Patek,Biology,1,1,25,0,421,9.152173913,
NatSci,72,Marcy K. Uyenoyama,Biology,1,0,48,1,421,9.152173913,
NatSci,78,Gregory Allan Wray,Biology,0,1,39,1,421,9.152173913,
NatSci,79,Edwin Alfonzo,Chemistry,0,1,6,0,421,9.152173913,
NatSci,92,Calvin Grant ,Chemistry,0,0,10,0,421,9.152173913,
NatSci,99,Steven Malcolmson ,Chemistry,0,1,16,0,421,9.152173913,
NatSci,101,Dewey G. McCafferty ,Chemistry,0,1,31,1,421,9.152173913,
NatSci,117,Owen L. Astrachan,Computer Science,0,1,34,1,421,9.152173913,
NatSci,124,Bruce Randall Donald,Computer Science,0,1,39,1,421,9.152173913,
NatSci,129,Rong Ge,Computer Science,0,1,13,0,421,9.152173913,
NatSci,136,Bruce Maggs,Computer Science,0,1,37,0,421,9.152173913,
NatSci,158,Marcos Zampieri,Computer Science,0,0,999,0,421,9.152173913,"phd, but no data on years since phd, treat as missing data"
NatSci,162,Danyang Zhuo,Computer Science,0,1,7,1,421,9.152173913,
NatSci,168,Matt Cartmill,Evolutionary Anthropology,0,0,56,0,421,9.152173913,
NatSci,178,Elizabeth Lonsdorf,Evolutionary Anthropology,1,1,23,0,421,9.152173913,
NatSci,186,Christine Elizabeth Wall,Evolutionary Anthropology,1,0,31,0,421,9.152173913,
NatSci,187,Blythe A. Williams,Evolutionary Anthropology,1,0,32,0,421,9.152173913,
NatSci,191,Paul Stephen Aspinwall,Math,0,0,38,0,421,9.152173913,
NatSci,204,Xiuyuan Cheng,Math,0,0,13,1,421,9.152173913,
NatSci,228,Soham Karwa,Math,0,0,2,999,421,9.152173913,
NatSci,233,Jian-Guo Liu,Math,0,1,36,1,421,9.152173913,
NatSci,239,Lenhard Lee Ng,Math,0,1,25,0,421,9.152173913,
NatSci,243,Joseph D Rabinoff,Math,0,1,17,0,421,9.152173913,
NatSci,264,Kirsten Graham Wickelgren,Math,1,1,17,0,421,9.152173913,
NatSci,267,Madi Yerlanov,Math,0,0,0,0,421,9.152173913,
NatSci,291,Calvin R. Howell,Physics,0,1,42,0,421,9.152173913,
NatSci,294,Jungsang Kim ,Physics,0,1,27,0,421,9.152173913,
NatSci,297,Mark C. Kruse,Physics,0,1,30,1,421,9.152173913,
NatSci,319,Stephen W. Teitsworth,Physics,0,0,40,0,421,9.152173913,
NatSci,323,Michael A. Troxel,Physics,0,1,12,1,421,9.152173913,
NatSci,332,Steven R. Asher,Psychology & Neuroscience,0,0,54,1,421,9.152173913,
NatSci,341,Philip R. Costanzo,Psychology & Neuroscience,0,0,59,0,421,9.152173913,
NatSci,358,Tamar Kushnir,Psychology & Neuroscience,1,1,21,0,421,9.152173913,
NatSci,365,Terrie E. Moffitt,Psychology & Neuroscience,1,1,42,1,421,9.152173913,
NatSci,371,David Rabiner,Psychology & Neuroscience,0,0,39,0,421,9.152173913,
NatSci,373,Susan Roth,Psychology & Neuroscience,1,0,53,1,421,9.152173913,
NatSci,380,Moria Joy Smoski,Psychology & Neuroscience,1,1,22,1,421,9.152173913,
NatSci,389,Nancy Lee Zucker,Psychology & Neuroscience,1,1,26,0,421,9.152173913,
NatSci,393,Mine Cetinkaya-Rundel,Statistical Science,1,1,15,0,421,9.152173913,
NatSci,396,Alexander Fisher,Statistical Science,0,0,5,0,421,9.152173913,
SocSci,1,Jasmine Cobb,African & African American Studies,1,1,17,0,282,9.4,
SocSci,7,Naiima Khahaifa,African & African American Studies,1,0,3,0,282,9.4,
SocSci,8,Michelle Lanier,African & African American Studies,1,0,18,0,282,9.4,
SocSci,9,Stephanie Li,African & African American Studies,1,0,21,0,282,9.4,
SocSci,12,J. Matory,African & African American Studies,0,0,35,0,282,9.4,
SocSci,14,Mark Neal,African & African American Studies,0,0,30,1,282,9.4,
SocSci,39,Harris Scott Solomon,Cultural Anthropology,0,1,15,0,282,9.4,
SocSci,89,Lori Leachman,Economics,1,0,39,0,282,9.4,
SocSci,98,Steven G. Medema,Economics,0,1,37,1,282,9.4,
SocSci,100,Wendy A Morrison,Economics,1,0,2,0,282,9.4,
SocSci,114,George E. Tauchen,Economics,0,0,48,1,282,9.4,
SocSci,119,Nelson B. Valente de Sa,Economics,0,0,18,0,282,9.4,
SocSci,120,Christopher D Walker,Economics,0,0,1,0,282,9.4,
SocSci,130,Jean F. O'Barr,Education,1,0,56,0,282,9.4,
SocSci,141,Nikki Lane,"Gender, Sexuality, & Feminist Studies",1,0,11,0,282,9.4,
SocSci,153,Dirk Bonker,History,0,0,24,1,282,9.4,
SocSci,154,Alika Bourgette,History,0,0,2,0,282,9.4,
SocSci,163,John D. French,History,0,0,41,1,282,9.4,
SocSci,182,Kristen Neuschel,History,1,0,44,0,282,9.4,
SocSci,186,Gunther W. Peck,History,0,0,32,0,282,9.4,
SocSci,188,William M. Reddy,History,0,0,52,1,282,9.4,
SocSci,189,Thomas Robisheaux,History,0,0,45,1,282,9.4,
SocSci,196,Frances S. Hasso,International Comparative Studies,1,0,29,1,282,9.4,
SocSci,206,Allison P Anoll,Political Science,1,0,10,0,282,9.4,
SocSci,207,Kyle Beardsley,Political Science,0,0,20,0,282,9.4,
SocSci,225,Peter Lange,Political Science,1,0,51,1,282,9.4,
SocSci,226,Bahar Leventoglu,Political Science,1,0,25,1,282,9.4,
SocSci,246,Georg Vanberg,Political Science,0,0,27,1,282,9.4,
SocSci,259,Jenifer Hamil Luker,Sociology,1,0,23,1,282,9.4,
SocSci,260,Ashley Lauren Harrell King,Sociology,1,0,9,0,282,9.4,