Stratum ,Department,Primary__Joint_Faculty
ArtHum,"Art, Art History & Visual Media Studies",44
ArtHum,Asian & Middle Eastern Studies,45
ArtHum,Classical Studies,19
ArtHum,Dance,21
ArtHum,English ,50
ArtHum,German Studies,14
ArtHum,Literature,25
ArtHum,Music,62
ArtHum,Philosophy,24
ArtHum,Religious Studies,20
ArtHum,Romance Studies,66
ArtHum,Slavic & Eurasian Studies,10
ArtHum,Theater Studies,19
ArtHum,Writings and Rhetoric Program,31
NatSci,Biology,78
NatSci,Chemistry,36
NatSci,Computer Science,48
NatSci,Evolutionary Anthropology,26
NatSci,Mathematics,82
NatSci,Physics,60
NatSci,Psychology & Neuroscience,59
NatSci,Statistical Science,32
SocSci,African & African American Studies,19
SocSci,Cultural Anthropology,24
SocSci,Economics,81
SocSci,Education,11
SocSci,"Gender, Sexuality, & Feminist Studies",13
SocSci,History,47
SocSci,International Comparative Studies,5
SocSci,Linguistics,4
SocSci,Political Science,43
SocSci,Sociology,35